,date,congressman
0,1995,Mr. AKAKA. 
1,1995,Mr. BAUCUS. 
2,1995,Mr. BIDEN. 
3,1995,Mr. BINGAMAN. 
4,1995,Mr. BOND. 
5,1995,Mr. BROWN. 
6,1995,Mr. BYRD. 
7,1995,Mr. CARDIN. 
8,1995,Mr. COBURN. 
9,1995,Mr. COHEN. 
10,1995,Mr. CONRAD. 
11,1995,Mr. CONYERS. 
12,1995,Mr. CRAIG. 
13,1995,Mr. DASCHLE. 
14,1995,Mr. DINGELL. 
15,1995,Mr. DODD. 
16,1995,Mr. DOMENICI. 
17,1995,Mr. DORGAN. 
18,1995,Mr. DREIER. 
19,1995,Mr. DURBIN. 
20,1995,Mr. FEINGOLD. 
21,1995,Mr. FRELINGHUYSEN. 
22,1995,Mr. FRIST. 
23,1995,Mr. GOODLATTE. 
24,1995,Mr. GRAHAM. 
25,1995,Mr. GRASSLEY. 
26,1995,Mr. GREGG. 
27,1995,Mr. HARKIN. 
28,1995,Mr. HATCH. 
29,1995,Mr. HOYER. 
30,1995,Mr. INHOFE. 
31,1995,Mr. INOUYE. 
32,1995,Mr. KENNEDY. 
33,1995,Mr. KERRY. 
34,1995,Mr. KYL. 
35,1995,Mr. LAUTENBERG. 
36,1995,Mr. LEAHY. 
37,1995,Mr. LEVIN. 
38,1995,Mr. LIEBERMAN. 
39,1995,Mr. LOTT. 
40,1995,Mr. MCCAIN. 
41,1995,Mr. MCCONNELL. 
42,1995,Mr. MCDERMOTT. 
43,1995,Mr. MCKEON. 
44,1995,Mr. MENENDEZ. 
45,1995,Mr. OBERSTAR. 
46,1995,Mr. OBEY. 
47,1995,Mr. PALLONE. 
48,1995,Mr. RAHALL. 
49,1995,Mr. RANGEL. 
50,1995,Mr. REED. 
51,1995,Mr. REID. 
52,1995,Mr. ROCKEFELLER. 
53,1995,Mr. ROHRABACHER. 
54,1995,Mr. SANDERS. 
55,1995,Mr. SCHUMER. 
56,1995,Mr. SENSENBRENNER. 
57,1995,Mr. SHUSTER. 
58,1995,Mr. SKELTON. 
59,1995,Mr. SPECTER. 
60,1995,Mr. THOMAS. 
61,1995,Mr. THORNBERRY. 
62,1995,Mr. WARNER. 
63,1995,Mr. WAXMAN. 
64,1995,Mr. WOLF. 
65,1995,Mr. WYDEN. 
66,1995,Mrs. BOXER. 
67,1995,Mrs. FEINSTEIN. 
68,1995,Mrs. HUTCHISON. 
69,1995,Mrs. MURRAY. 
70,1995,Ms. KAPTUR. 
71,1995,Ms. MIKULSKI. 
72,1995,Ms. NORTON. 
73,1995,Ms. SLAUGHTER. 
74,1995,Ms. SNOWE. 
75,1995,Ms. WOOLSEY. 
76,1996,Mr. BAUCUS. 
77,1996,Mr. BIDEN. 
78,1996,Mr. BINGAMAN. 
79,1996,Mr. BLUMENAUER. 
80,1996,Mr. BOND. 
81,1996,Mr. BYRD. 
82,1996,Mr. CARDIN. 
83,1996,Mr. CONRAD. 
84,1996,Mr. CRAIG. 
85,1996,Mr. DASCHLE. 
86,1996,Mr. DINGELL. 
87,1996,Mr. DODD. 
88,1996,Mr. DOMENICI. 
89,1996,Mr. DORGAN. 
90,1996,Mr. DREIER. 
91,1996,Mr. DURBIN. 
92,1996,Mr. FRELINGHUYSEN. 
93,1996,Mr. FRIST. 
94,1996,Mr. GRAHAM. 
95,1996,Mr. GRASSLEY. 
96,1996,Mr. GREGG. 
97,1996,Mr. HARKIN. 
98,1996,Mr. HATCH. 
99,1996,Mr. HOYER. 
100,1996,Mr. INOUYE. 
101,1996,Mr. KENNEDY. 
102,1996,Mr. KERRY. 
103,1996,Mr. LEAHY. 
104,1996,Mr. LEVIN. 
105,1996,Mr. LIEBERMAN. 
106,1996,Mr. LOTT. 
107,1996,Mr. MCCAIN. 
108,1996,Mr. MCDERMOTT. 
109,1996,Mr. MENENDEZ. 
110,1996,Mr. OBEY. 
111,1996,Mr. PALLONE. 
112,1996,Mr. RANGEL. 
113,1996,Mr. REED. 
114,1996,Mr. REID. 
115,1996,Mr. SANDERS. 
116,1996,Mr. SCHUMER. 
117,1996,Mr. SPECTER. 
118,1996,Mr. THOMAS. 
119,1996,Mr. WARNER. 
120,1996,Mr. WAXMAN. 
121,1996,Mr. WOLF. 
122,1996,Mrs. BOXER. 
123,1996,Mrs. MURRAY. 
124,1996,Ms. KAPTUR. 
125,1996,Ms. MIKULSKI. 
126,1996,Ms. NORTON. 
127,1996,Ms. SLAUGHTER. 
128,1996,Ms. SNOWE. 
129,1996,Ms. WOOLSEY. 
130,1997,Mr. AKAKA. 
131,1997,Mr. BAUCUS. 
132,1997,Mr. BIDEN. 
133,1997,Mr. BINGAMAN. 
134,1997,Mr. BLUMENAUER. 
135,1997,Mr. BOND. 
136,1997,Mr. BROWN. 
137,1997,Mr. BYRD. 
138,1997,Mr. CARDIN. 
139,1997,Mr. COBURN. 
140,1997,Mr. CONRAD. 
141,1997,Mr. CONYERS. 
142,1997,Mr. CRAIG. 
143,1997,Mr. DASCHLE. 
144,1997,Mr. DINGELL. 
145,1997,Mr. DODD. 
146,1997,Mr. DOMENICI. 
147,1997,Mr. DORGAN. 
148,1997,Mr. DREIER. 
149,1997,Mr. DURBIN. 
150,1997,Mr. ENZI. 
151,1997,Mr. FEINGOLD. 
152,1997,Mr. FRELINGHUYSEN. 
153,1997,Mr. FRIST. 
154,1997,Mr. GOODLATTE. 
155,1997,Mr. GRAHAM. 
156,1997,Mr. GRASSLEY. 
157,1997,Mr. GREGG. 
158,1997,Mr. HARKIN. 
159,1997,Mr. HATCH. 
160,1997,Mr. HOYER. 
161,1997,Mr. INHOFE. 
162,1997,Mr. INOUYE. 
163,1997,Mr. KENNEDY. 
164,1997,Mr. KERRY. 
165,1997,Mr. KUCINICH. 
166,1997,Mr. KYL. 
167,1997,Mr. LAUTENBERG. 
168,1997,Mr. LEAHY. 
169,1997,Mr. LEVIN. 
170,1997,Mr. LIEBERMAN. 
171,1997,Mr. LOTT. 
172,1997,Mr. MCCAIN. 
173,1997,Mr. MCCONNELL. 
174,1997,Mr. MCDERMOTT. 
175,1997,Mr. MCGOVERN. 
176,1997,Mr. MCKEON. 
177,1997,Mr. MENENDEZ. 
178,1997,Mr. OBERSTAR. 
179,1997,Mr. OBEY. 
180,1997,Mr. PALLONE. 
181,1997,Mr. PAUL. 
182,1997,Mr. RAHALL. 
183,1997,Mr. RANGEL. 
184,1997,Mr. REED. 
185,1997,Mr. REID. 
186,1997,Mr. ROCKEFELLER. 
187,1997,Mr. ROHRABACHER. 
188,1997,Mr. SANDERS. 
189,1997,Mr. SCHUMER. 
190,1997,Mr. SENSENBRENNER. 
191,1997,Mr. SESSIONS. 
192,1997,Mr. SHUSTER. 
193,1997,Mr. SKELTON. 
194,1997,Mr. SPECTER. 
195,1997,Mr. THOMAS. 
196,1997,Mr. THORNBERRY. 
197,1997,Mr. THUNE. 
198,1997,Mr. WARNER. 
199,1997,Mr. WAXMAN. 
200,1997,Mr. WOLF. 
201,1997,Mr. WYDEN. 
202,1997,Mrs. BOXER. 
203,1997,Mrs. FEINSTEIN. 
204,1997,Mrs. HUTCHISON. 
205,1997,Mrs. MURRAY. 
206,1997,Ms. COLLINS. 
207,1997,Ms. KAPTUR. 
208,1997,Ms. LANDRIEU. 
209,1997,Ms. MIKULSKI. 
210,1997,Ms. NORTON. 
211,1997,Ms. SLAUGHTER. 
212,1997,Ms. SNOWE. 
213,1997,Ms. STABENOW. 
214,1997,Ms. WOOLSEY. 
215,1998,Mr. AKAKA. 
216,1998,Mr. BAUCUS. 
217,1998,Mr. BIDEN. 
218,1998,Mr. BINGAMAN. 
219,1998,Mr. BLUMENAUER. 
220,1998,Mr. BOND. 
221,1998,Mr. BYRD. 
222,1998,Mr. CARDIN. 
223,1998,Mr. COBURN. 
224,1998,Mr. CONRAD. 
225,1998,Mr. CONYERS. 
226,1998,Mr. CRAIG. 
227,1998,Mr. DASCHLE. 
228,1998,Mr. DINGELL. 
229,1998,Mr. DODD. 
230,1998,Mr. DOMENICI. 
231,1998,Mr. DORGAN. 
232,1998,Mr. DREIER. 
233,1998,Mr. DURBIN. 
234,1998,Mr. ENZI. 
235,1998,Mr. FEINGOLD. 
236,1998,Mr. FRELINGHUYSEN. 
237,1998,Mr. FRIST. 
238,1998,Mr. GOODLATTE. 
239,1998,Mr. GRAHAM. 
240,1998,Mr. GRASSLEY. 
241,1998,Mr. GREGG. 
242,1998,Mr. HARKIN. 
243,1998,Mr. HATCH. 
244,1998,Mr. HOYER. 
245,1998,Mr. INHOFE. 
246,1998,Mr. INOUYE. 
247,1998,Mr. KENNEDY. 
248,1998,Mr. KERRY. 
249,1998,Mr. KUCINICH. 
250,1998,Mr. KYL. 
251,1998,Mr. LAUTENBERG. 
252,1998,Mr. LEAHY. 
253,1998,Mr. LEVIN. 
254,1998,Mr. LIEBERMAN. 
255,1998,Mr. LOTT. 
256,1998,Mr. MCCAIN. 
257,1998,Mr. MCCONNELL. 
258,1998,Mr. MCDERMOTT. 
259,1998,Mr. MCGOVERN. 
260,1998,Mr. MCKEON. 
261,1998,Mr. MENENDEZ. 
262,1998,Mr. OBERSTAR. 
263,1998,Mr. OBEY. 
264,1998,Mr. PALLONE. 
265,1998,Mr. PAUL. 
266,1998,Mr. RAHALL. 
267,1998,Mr. RANGEL. 
268,1998,Mr. REED. 
269,1998,Mr. REID. 
270,1998,Mr. ROCKEFELLER. 
271,1998,Mr. ROHRABACHER. 
272,1998,Mr. SANDERS. 
273,1998,Mr. SCHUMER. 
274,1998,Mr. SENSENBRENNER. 
275,1998,Mr. SESSIONS. 
276,1998,Mr. SHUSTER. 
277,1998,Mr. SKELTON. 
278,1998,Mr. SPECTER. 
279,1998,Mr. THOMAS. 
280,1998,Mr. THORNBERRY. 
281,1998,Mr. THUNE. 
282,1998,Mr. WARNER. 
283,1998,Mr. WAXMAN. 
284,1998,Mr. WOLF. 
285,1998,Mr. WYDEN. 
286,1998,Mrs. BOXER. 
287,1998,Mrs. FEINSTEIN. 
288,1998,Mrs. HUTCHISON. 
289,1998,Mrs. MURRAY. 
290,1998,Ms. COLLINS. 
291,1998,Ms. KAPTUR. 
292,1998,Ms. LANDRIEU. 
293,1998,Ms. MIKULSKI. 
294,1998,Ms. NORTON. 
295,1998,Ms. SLAUGHTER. 
296,1998,Ms. SNOWE. 
297,1998,Ms. STABENOW. 
298,1998,Ms. WOOLSEY. 
299,1999,Mr. AKAKA. 
300,1999,Mr. BAUCUS. 
301,1999,Mr. BIDEN. 
302,1999,Mr. BINGAMAN. 
303,1999,Mr. BLUMENAUER. 
304,1999,Mr. BOND. 
305,1999,Mr. BROWN. 
306,1999,Mr. BYRD. 
307,1999,Mr. CARDIN. 
308,1999,Mr. COBURN. 
309,1999,Mr. CONRAD. 
310,1999,Mr. CONYERS. 
311,1999,Mr. CRAIG. 
312,1999,Mr. DASCHLE. 
313,1999,Mr. DINGELL. 
314,1999,Mr. DODD. 
315,1999,Mr. DOMENICI. 
316,1999,Mr. DORGAN. 
317,1999,Mr. DREIER. 
318,1999,Mr. DURBIN. 
319,1999,Mr. ENZI. 
320,1999,Mr. FEINGOLD. 
321,1999,Mr. FRELINGHUYSEN. 
322,1999,Mr. FRIST. 
323,1999,Mr. GOODLATTE. 
324,1999,Mr. GRAHAM. 
325,1999,Mr. GRASSLEY. 
326,1999,Mr. GREGG. 
327,1999,Mr. HARKIN. 
328,1999,Mr. HATCH. 
329,1999,Mr. HOYER. 
330,1999,Mr. INHOFE. 
331,1999,Mr. INOUYE. 
332,1999,Mr. KENNEDY. 
333,1999,Mr. KERRY. 
334,1999,Mr. KUCINICH. 
335,1999,Mr. KYL. 
336,1999,Mr. LAUTENBERG. 
337,1999,Mr. LEAHY. 
338,1999,Mr. LEVIN. 
339,1999,Mr. LIEBERMAN. 
340,1999,Mr. LOTT. 
341,1999,Mr. MCCAIN. 
342,1999,Mr. MCCONNELL. 
343,1999,Mr. MCDERMOTT. 
344,1999,Mr. MCGOVERN. 
345,1999,Mr. MCKEON. 
346,1999,Mr. MENENDEZ. 
347,1999,Mr. OBERSTAR. 
348,1999,Mr. OBEY. 
349,1999,Mr. PALLONE. 
350,1999,Mr. PAUL. 
351,1999,Mr. RAHALL. 
352,1999,Mr. RANGEL. 
353,1999,Mr. REED. 
354,1999,Mr. REID. 
355,1999,Mr. ROCKEFELLER. 
356,1999,Mr. ROHRABACHER. 
357,1999,Mr. SANDERS. 
358,1999,Mr. SCHUMER. 
359,1999,Mr. SENSENBRENNER. 
360,1999,Mr. SESSIONS. 
361,1999,Mr. SHUSTER. 
362,1999,Mr. SKELTON. 
363,1999,Mr. SPECTER. 
364,1999,Mr. THOMAS. 
365,1999,Mr. THORNBERRY. 
366,1999,Mr. THUNE. 
367,1999,Mr. VITTER. 
368,1999,Mr. WARNER. 
369,1999,Mr. WAXMAN. 
370,1999,Mr. WOLF. 
371,1999,Mr. WYDEN. 
372,1999,Mrs. BOXER. 
373,1999,Mrs. FEINSTEIN. 
374,1999,Mrs. HUTCHISON. 
375,1999,Mrs. MURRAY. 
376,1999,Ms. COLLINS. 
377,1999,Ms. KAPTUR. 
378,1999,Ms. LANDRIEU. 
379,1999,Ms. MIKULSKI. 
380,1999,Ms. NORTON. 
381,1999,Ms. SLAUGHTER. 
382,1999,Ms. SNOWE. 
383,1999,Ms. STABENOW. 
384,1999,Ms. WOOLSEY. 
385,2001,Mr. AKAKA. 
386,2001,Mr. BAUCUS. 
387,2001,Mr. BIDEN. 
388,2001,Mr. BINGAMAN. 
389,2001,Mr. BLUMENAUER. 
390,2001,Mr. BOND. 
391,2001,Mr. BYRD. 
392,2001,Mr. CARDIN. 
393,2001,Mr. CARPER. 
394,2001,Mr. CONRAD. 
395,2001,Mr. CONYERS. 
396,2001,Mr. CRAIG. 
397,2001,Mr. DASCHLE. 
398,2001,Mr. DINGELL. 
399,2001,Mr. DODD. 
400,2001,Mr. DOMENICI. 
401,2001,Mr. DORGAN. 
402,2001,Mr. DREIER. 
403,2001,Mr. DURBIN. 
404,2001,Mr. ENZI. 
405,2001,Mr. FEINGOLD. 
406,2001,Mr. FRELINGHUYSEN. 
407,2001,Mr. FRIST. 
408,2001,Mr. GOODLATTE. 
409,2001,Mr. GRAHAM. 
410,2001,Mr. GRASSLEY. 
411,2001,Mr. GREGG. 
412,2001,Mr. HARKIN. 
413,2001,Mr. HATCH. 
414,2001,Mr. HOYER. 
415,2001,Mr. INHOFE. 
416,2001,Mr. INOUYE. 
417,2001,Mr. KENNEDY. 
418,2001,Mr. KERRY. 
419,2001,Mr. KUCINICH. 
420,2001,Mr. KYL. 
421,2001,Mr. LEAHY. 
422,2001,Mr. LEVIN. 
423,2001,Mr. LIEBERMAN. 
424,2001,Mr. LOTT. 
425,2001,Mr. MCCAIN. 
426,2001,Mr. MCCONNELL. 
427,2001,Mr. MCDERMOTT. 
428,2001,Mr. MCGOVERN. 
429,2001,Mr. MCKEON. 
430,2001,Mr. MENENDEZ. 
431,2001,Mr. OBERSTAR. 
432,2001,Mr. OBEY. 
433,2001,Mr. PALLONE. 
434,2001,Mr. PAUL. 
435,2001,Mr. RAHALL. 
436,2001,Mr. RANGEL. 
437,2001,Mr. REED. 
438,2001,Mr. REID. 
439,2001,Mr. ROCKEFELLER. 
440,2001,Mr. ROHRABACHER. 
441,2001,Mr. SANDERS. 
442,2001,Mr. SCHUMER. 
443,2001,Mr. SENSENBRENNER. 
444,2001,Mr. SESSIONS. 
445,2001,Mr. SHUSTER. 
446,2001,Mr. SKELTON. 
447,2001,Mr. SPECTER. 
448,2001,Mr. THOMAS. 
449,2001,Mr. THORNBERRY. 
450,2001,Mr. THUNE. 
451,2001,Mr. VITTER. 
452,2001,Mr. WARNER. 
453,2001,Mr. WAXMAN. 
454,2001,Mr. WOLF. 
455,2001,Mr. WYDEN. 
456,2001,Mrs. BOXER. 
457,2001,Mrs. FEINSTEIN. 
458,2001,Mrs. HUTCHISON. 
459,2001,Mrs. MURRAY. 
460,2001,Ms. COLLINS. 
461,2001,Ms. KAPTUR. 
462,2001,Ms. LANDRIEU. 
463,2001,Ms. MIKULSKI. 
464,2001,Ms. NORTON. 
465,2001,Ms. SLAUGHTER. 
466,2001,Ms. SNOWE. 
467,2001,Ms. STABENOW. 
468,2001,Ms. WOOLSEY. 
469,2002,Mr. BAUCUS. 
470,2002,Mr. BIDEN. 
471,2002,Mr. BINGAMAN. 
472,2002,Mr. BLUMENAUER. 
473,2002,Mr. BYRD. 
474,2002,Mr. CARDIN. 
475,2002,Mr. CONYERS. 
476,2002,Mr. DASCHLE. 
477,2002,Mr. DINGELL. 
478,2002,Mr. DOMENICI. 
479,2002,Mr. DORGAN. 
480,2002,Mr. DREIER. 
481,2002,Mr. DURBIN. 
482,2002,Mr. FRELINGHUYSEN. 
483,2002,Mr. GRAHAM. 
484,2002,Mr. GRASSLEY. 
485,2002,Mr. GREGG. 
486,2002,Mr. HARKIN. 
487,2002,Mr. HATCH. 
488,2002,Mr. HOYER. 
489,2002,Mr. INHOFE. 
490,2002,Mr. KENNEDY. 
491,2002,Mr. KUCINICH. 
492,2002,Mr. LEVIN. 
493,2002,Mr. LIEBERMAN. 
494,2002,Mr. LOTT. 
495,2002,Mr. MCCAIN. 
496,2002,Mr. MCDERMOTT. 
497,2002,Mr. MCGOVERN. 
498,2002,Mr. MENENDEZ. 
499,2002,Mr. OBERSTAR. 
500,2002,Mr. OBEY. 
501,2002,Mr. PALLONE. 
502,2002,Mr. RANGEL. 
503,2002,Mr. REED. 
504,2002,Mr. REID. 
505,2002,Mr. SANDERS. 
506,2002,Mr. SENSENBRENNER. 
507,2002,Mr. SESSIONS. 
508,2002,Mr. SKELTON. 
509,2002,Mr. THOMAS. 
510,2002,Mr. THUNE. 
511,2002,Mr. WAXMAN. 
512,2002,Mr. WOLF. 
513,2002,Mrs. BOXER. 
514,2002,Mrs. FEINSTEIN. 
515,2002,Ms. SLAUGHTER. 
516,2002,Ms. SNOWE. 
517,2002,Ms. WOOLSEY. 
518,2003,Mr. AKAKA. 
519,2003,Mr. ALEXANDER. 
520,2003,Mr. BAUCUS. 
521,2003,Mr. BIDEN. 
522,2003,Mr. BINGAMAN. 
523,2003,Mr. BLUMENAUER. 
524,2003,Mr. BOND. 
525,2003,Mr. BURGESS. 
526,2003,Mr. BYRD. 
527,2003,Mr. CARDIN. 
528,2003,Mr. CARPER. 
529,2003,Mr. CONRAD. 
530,2003,Mr. CONYERS. 
531,2003,Mr. CORNYN. 
532,2003,Mr. CRAIG. 
533,2003,Mr. DASCHLE. 
534,2003,Mr. DINGELL. 
535,2003,Mr. DODD. 
536,2003,Mr. DOMENICI. 
537,2003,Mr. DORGAN. 
538,2003,Mr. DREIER. 
539,2003,Mr. DURBIN. 
540,2003,Mr. ENZI. 
541,2003,Mr. FEINGOLD. 
542,2003,Mr. FRELINGHUYSEN. 
543,2003,Mr. FRIST. 
544,2003,Mr. GOODLATTE. 
545,2003,Mr. GRAHAM. 
546,2003,Mr. GRASSLEY. 
547,2003,Mr. GREGG. 
548,2003,Mr. HARKIN. 
549,2003,Mr. HATCH. 
550,2003,Mr. HOYER. 
551,2003,Mr. INHOFE. 
552,2003,Mr. INOUYE. 
553,2003,Mr. KENNEDY. 
554,2003,Mr. KERRY. 
555,2003,Mr. KUCINICH. 
556,2003,Mr. KYL. 
557,2003,Mr. LAUTENBERG. 
558,2003,Mr. LEAHY. 
559,2003,Mr. LEVIN. 
560,2003,Mr. LIEBERMAN. 
561,2003,Mr. LOTT. 
562,2003,Mr. MCCAIN. 
563,2003,Mr. MCCONNELL. 
564,2003,Mr. MCDERMOTT. 
565,2003,Mr. MCGOVERN. 
566,2003,Mr. MCKEON. 
567,2003,Mr. MENENDEZ. 
568,2003,Mr. OBERSTAR. 
569,2003,Mr. OBEY. 
570,2003,Mr. PALLONE. 
571,2003,Mr. PAUL. 
572,2003,Mr. RAHALL. 
573,2003,Mr. RANGEL. 
574,2003,Mr. REED. 
575,2003,Mr. REID. 
576,2003,Mr. ROCKEFELLER. 
577,2003,Mr. ROHRABACHER. 
578,2003,Mr. SANDERS. 
579,2003,Mr. SCHUMER. 
580,2003,Mr. SENSENBRENNER. 
581,2003,Mr. SESSIONS. 
582,2003,Mr. SHUSTER. 
583,2003,Mr. SKELTON. 
584,2003,Mr. SPECTER. 
585,2003,Mr. THOMAS. 
586,2003,Mr. THORNBERRY. 
587,2003,Mr. VITTER. 
588,2003,Mr. WARNER. 
589,2003,Mr. WAXMAN. 
590,2003,Mr. WOLF. 
591,2003,Mr. WYDEN. 
592,2003,Mrs. BOXER. 
593,2003,Mrs. FEINSTEIN. 
594,2003,Mrs. HUTCHISON. 
595,2003,Mrs. MURRAY. 
596,2003,Ms. COLLINS. 
597,2003,Ms. KAPTUR. 
598,2003,Ms. LANDRIEU. 
599,2003,Ms. MIKULSKI. 
600,2003,Ms. MURKOWSKI. 
601,2003,Ms. NORTON. 
602,2003,Ms. SLAUGHTER. 
603,2003,Ms. SNOWE. 
604,2003,Ms. STABENOW. 
605,2003,Ms. WOOLSEY. 
606,2004,Mr. AKAKA. 
607,2004,Mr. ALEXANDER. 
608,2004,Mr. BAUCUS. 
609,2004,Mr. BIDEN. 
610,2004,Mr. BINGAMAN. 
611,2004,Mr. BLUMENAUER. 
612,2004,Mr. BOND. 
613,2004,Mr. BURGESS. 
614,2004,Mr. BYRD. 
615,2004,Mr. CARDIN. 
616,2004,Mr. CARPER. 
617,2004,Mr. CONRAD. 
618,2004,Mr. CONYERS. 
619,2004,Mr. CORNYN. 
620,2004,Mr. CRAIG. 
621,2004,Mr. DASCHLE. 
622,2004,Mr. DINGELL. 
623,2004,Mr. DODD. 
624,2004,Mr. DOMENICI. 
625,2004,Mr. DORGAN. 
626,2004,Mr. DREIER. 
627,2004,Mr. DURBIN. 
628,2004,Mr. ENZI. 
629,2004,Mr. FEINGOLD. 
630,2004,Mr. FRELINGHUYSEN. 
631,2004,Mr. FRIST. 
632,2004,Mr. GOODLATTE. 
633,2004,Mr. GRAHAM. 
634,2004,Mr. GRASSLEY. 
635,2004,Mr. GREGG. 
636,2004,Mr. HARKIN. 
637,2004,Mr. HATCH. 
638,2004,Mr. HOYER. 
639,2004,Mr. INHOFE. 
640,2004,Mr. INOUYE. 
641,2004,Mr. KENNEDY. 
642,2004,Mr. KERRY. 
643,2004,Mr. KUCINICH. 
644,2004,Mr. KYL. 
645,2004,Mr. LAUTENBERG. 
646,2004,Mr. LEAHY. 
647,2004,Mr. LEVIN. 
648,2004,Mr. LIEBERMAN. 
649,2004,Mr. LOTT. 
650,2004,Mr. MCCAIN. 
651,2004,Mr. MCCONNELL. 
652,2004,Mr. MCDERMOTT. 
653,2004,Mr. MCGOVERN. 
654,2004,Mr. MCKEON. 
655,2004,Mr. MENENDEZ. 
656,2004,Mr. OBERSTAR. 
657,2004,Mr. OBEY. 
658,2004,Mr. PALLONE. 
659,2004,Mr. PAUL. 
660,2004,Mr. RAHALL. 
661,2004,Mr. RANGEL. 
662,2004,Mr. REED. 
663,2004,Mr. REID. 
664,2004,Mr. ROCKEFELLER. 
665,2004,Mr. ROHRABACHER. 
666,2004,Mr. SANDERS. 
667,2004,Mr. SCHUMER. 
668,2004,Mr. SENSENBRENNER. 
669,2004,Mr. SESSIONS. 
670,2004,Mr. SHUSTER. 
671,2004,Mr. SKELTON. 
672,2004,Mr. SPECTER. 
673,2004,Mr. THOMAS. 
674,2004,Mr. THORNBERRY. 
675,2004,Mr. VITTER. 
676,2004,Mr. WARNER. 
677,2004,Mr. WAXMAN. 
678,2004,Mr. WOLF. 
679,2004,Mr. WYDEN. 
680,2004,Mrs. BOXER. 
681,2004,Mrs. FEINSTEIN. 
682,2004,Mrs. HUTCHISON. 
683,2004,Mrs. MURRAY. 
684,2004,Ms. COLLINS. 
685,2004,Ms. KAPTUR. 
686,2004,Ms. LANDRIEU. 
687,2004,Ms. MIKULSKI. 
688,2004,Ms. MURKOWSKI. 
689,2004,Ms. NORTON. 
690,2004,Ms. SLAUGHTER. 
691,2004,Ms. SNOWE. 
692,2004,Ms. STABENOW. 
693,2004,Ms. WOOLSEY. 
694,2005,Mr. AKAKA. 
695,2005,Mr. ALEXANDER. 
696,2005,Mr. BAUCUS. 
697,2005,Mr. BIDEN. 
698,2005,Mr. BINGAMAN. 
699,2005,Mr. BLUMENAUER. 
700,2005,Mr. BOND. 
701,2005,Mr. BROWN. 
702,2005,Mr. BURGESS. 
703,2005,Mr. BYRD. 
704,2005,Mr. CARDIN. 
705,2005,Mr. CARPER. 
706,2005,Mr. COBURN. 
707,2005,Mr. CONRAD. 
708,2005,Mr. CONYERS. 
709,2005,Mr. CORNYN. 
710,2005,Mr. CRAIG. 
711,2005,Mr. DINGELL. 
712,2005,Mr. DODD. 
713,2005,Mr. DOMENICI. 
714,2005,Mr. DORGAN. 
715,2005,Mr. DREIER. 
716,2005,Mr. DURBIN. 
717,2005,Mr. ENZI. 
718,2005,Mr. FEINGOLD. 
719,2005,Mr. FRELINGHUYSEN. 
720,2005,Mr. FRIST. 
721,2005,Mr. GOHMERT. 
722,2005,Mr. GOODLATTE. 
723,2005,Mr. GRAHAM. 
724,2005,Mr. GRASSLEY. 
725,2005,Mr. GREGG. 
726,2005,Mr. HARKIN. 
727,2005,Mr. HATCH. 
728,2005,Mr. HOYER. 
729,2005,Mr. INHOFE. 
730,2005,Mr. INOUYE. 
731,2005,Mr. KENNEDY. 
732,2005,Mr. KERRY. 
733,2005,Mr. KUCINICH. 
734,2005,Mr. KYL. 
735,2005,Mr. LAUTENBERG. 
736,2005,Mr. LEAHY. 
737,2005,Mr. LEVIN. 
738,2005,Mr. LIEBERMAN. 
739,2005,Mr. LOTT. 
740,2005,Mr. MCCAIN. 
741,2005,Mr. MCCONNELL. 
742,2005,Mr. MCDERMOTT. 
743,2005,Mr. MCGOVERN. 
744,2005,Mr. MCKEON. 
745,2005,Mr. MENENDEZ. 
746,2005,Mr. OBERSTAR. 
747,2005,Mr. OBEY. 
748,2005,Mr. PALLONE. 
749,2005,Mr. PAUL. 
750,2005,Mr. RAHALL. 
751,2005,Mr. RANGEL. 
752,2005,Mr. REED. 
753,2005,Mr. REID. 
754,2005,Mr. ROCKEFELLER. 
755,2005,Mr. ROHRABACHER. 
756,2005,Mr. SANDERS. 
757,2005,Mr. SCHUMER. 
758,2005,Mr. SENSENBRENNER. 
759,2005,Mr. SESSIONS. 
760,2005,Mr. SHUSTER. 
761,2005,Mr. SKELTON. 
762,2005,Mr. SPECTER. 
763,2005,Mr. THOMAS. 
764,2005,Mr. THORNBERRY. 
765,2005,Mr. THUNE. 
766,2005,Mr. VITTER. 
767,2005,Mr. WARNER. 
768,2005,Mr. WAXMAN. 
769,2005,Mr. WOLF. 
770,2005,Mr. WYDEN. 
771,2005,Mrs. BOXER. 
772,2005,Mrs. FEINSTEIN. 
773,2005,Mrs. HUTCHISON. 
774,2005,Mrs. MURRAY. 
775,2005,Ms. COLLINS. 
776,2005,Ms. FOXX. 
777,2005,Ms. KAPTUR. 
778,2005,Ms. LANDRIEU. 
779,2005,Ms. MIKULSKI. 
780,2005,Ms. MURKOWSKI. 
781,2005,Ms. NORTON. 
782,2005,Ms. SLAUGHTER. 
783,2005,Ms. SNOWE. 
784,2005,Ms. STABENOW. 
785,2005,Ms. WOOLSEY. 
786,2006,Mr. AKAKA. 
787,2006,Mr. ALEXANDER. 
788,2006,Mr. BAUCUS. 
789,2006,Mr. BIDEN. 
790,2006,Mr. BINGAMAN. 
791,2006,Mr. BLUMENAUER. 
792,2006,Mr. BOND. 
793,2006,Mr. BROWN. 
794,2006,Mr. BURGESS. 
795,2006,Mr. BYRD. 
796,2006,Mr. CARDIN. 
797,2006,Mr. CARPER. 
798,2006,Mr. COBURN. 
799,2006,Mr. CONRAD. 
800,2006,Mr. CONYERS. 
801,2006,Mr. CORNYN. 
802,2006,Mr. CRAIG. 
803,2006,Mr. DINGELL. 
804,2006,Mr. DODD. 
805,2006,Mr. DOMENICI. 
806,2006,Mr. DORGAN. 
807,2006,Mr. DREIER. 
808,2006,Mr. DURBIN. 
809,2006,Mr. ENZI. 
810,2006,Mr. FEINGOLD. 
811,2006,Mr. FRELINGHUYSEN. 
812,2006,Mr. FRIST. 
813,2006,Mr. GOHMERT. 
814,2006,Mr. GOODLATTE. 
815,2006,Mr. GRAHAM. 
816,2006,Mr. GRASSLEY. 
817,2006,Mr. GREGG. 
818,2006,Mr. HARKIN. 
819,2006,Mr. HATCH. 
820,2006,Mr. HOYER. 
821,2006,Mr. INHOFE. 
822,2006,Mr. INOUYE. 
823,2006,Mr. KENNEDY. 
824,2006,Mr. KERRY. 
825,2006,Mr. KUCINICH. 
826,2006,Mr. KYL. 
827,2006,Mr. LAUTENBERG. 
828,2006,Mr. LEAHY. 
829,2006,Mr. LEVIN. 
830,2006,Mr. LIEBERMAN. 
831,2006,Mr. LOTT. 
832,2006,Mr. MCCAIN. 
833,2006,Mr. MCCONNELL. 
834,2006,Mr. MCDERMOTT. 
835,2006,Mr. MCGOVERN. 
836,2006,Mr. MCKEON. 
837,2006,Mr. MENENDEZ. 
838,2006,Mr. OBERSTAR. 
839,2006,Mr. OBEY. 
840,2006,Mr. PALLONE. 
841,2006,Mr. PAUL. 
842,2006,Mr. RAHALL. 
843,2006,Mr. RANGEL. 
844,2006,Mr. REED. 
845,2006,Mr. REID. 
846,2006,Mr. ROCKEFELLER. 
847,2006,Mr. ROHRABACHER. 
848,2006,Mr. SANDERS. 
849,2006,Mr. SCHUMER. 
850,2006,Mr. SENSENBRENNER. 
851,2006,Mr. SESSIONS. 
852,2006,Mr. SHUSTER. 
853,2006,Mr. SKELTON. 
854,2006,Mr. SPECTER. 
855,2006,Mr. THOMAS. 
856,2006,Mr. THORNBERRY. 
857,2006,Mr. THUNE. 
858,2006,Mr. VITTER. 
859,2006,Mr. WARNER. 
860,2006,Mr. WAXMAN. 
861,2006,Mr. WOLF. 
862,2006,Mr. WYDEN. 
863,2006,Mrs. BOXER. 
864,2006,Mrs. FEINSTEIN. 
865,2006,Mrs. HUTCHISON. 
866,2006,Mrs. MURRAY. 
867,2006,Ms. COLLINS. 
868,2006,Ms. FOXX. 
869,2006,Ms. KAPTUR. 
870,2006,Ms. LANDRIEU. 
871,2006,Ms. MIKULSKI. 
872,2006,Ms. MURKOWSKI. 
873,2006,Ms. NORTON. 
874,2006,Ms. SLAUGHTER. 
875,2006,Ms. SNOWE. 
876,2006,Ms. STABENOW. 
877,2006,Ms. WOOLSEY. 
878,2007,Mr. AKAKA. 
879,2007,Mr. ALEXANDER. 
880,2007,Mr. BAUCUS. 
881,2007,Mr. BIDEN. 
882,2007,Mr. BINGAMAN. 
883,2007,Mr. BLUMENAUER. 
884,2007,Mr. BOND. 
885,2007,Mr. BROWN. 
886,2007,Mr. BURGESS. 
887,2007,Mr. BYRD. 
888,2007,Mr. CARDIN. 
889,2007,Mr. CARPER. 
890,2007,Mr. CASEY. 
891,2007,Mr. COBURN. 
892,2007,Mr. COHEN. 
893,2007,Mr. CONRAD. 
894,2007,Mr. CONYERS. 
895,2007,Mr. CORNYN. 
896,2007,Mr. CRAIG. 
897,2007,Mr. DINGELL. 
898,2007,Mr. DODD. 
899,2007,Mr. DOMENICI. 
900,2007,Mr. DORGAN. 
901,2007,Mr. DREIER. 
902,2007,Mr. DURBIN. 
903,2007,Mr. ENZI. 
904,2007,Mr. FEINGOLD. 
905,2007,Mr. FRELINGHUYSEN. 
906,2007,Mr. GOHMERT. 
907,2007,Mr. GOODLATTE. 
908,2007,Mr. GRAHAM. 
909,2007,Mr. GRASSLEY. 
910,2007,Mr. GREGG. 
911,2007,Mr. HARKIN. 
912,2007,Mr. HATCH. 
913,2007,Mr. HOYER. 
914,2007,Mr. INHOFE. 
915,2007,Mr. INOUYE. 
916,2007,Mr. KENNEDY. 
917,2007,Mr. KERRY. 
918,2007,Mr. KUCINICH. 
919,2007,Mr. KYL. 
920,2007,Mr. LAUTENBERG. 
921,2007,Mr. LEAHY. 
922,2007,Mr. LEVIN. 
923,2007,Mr. LIEBERMAN. 
924,2007,Mr. LOTT. 
925,2007,Mr. MCCAIN. 
926,2007,Mr. MCCONNELL. 
927,2007,Mr. MCDERMOTT. 
928,2007,Mr. MCGOVERN. 
929,2007,Mr. MCKEON. 
930,2007,Mr. MENENDEZ. 
931,2007,Mr. OBERSTAR. 
932,2007,Mr. OBEY. 
933,2007,Mr. PALLONE. 
934,2007,Mr. PAUL. 
935,2007,Mr. RAHALL. 
936,2007,Mr. RANGEL. 
937,2007,Mr. REED. 
938,2007,Mr. REID. 
939,2007,Mr. ROCKEFELLER. 
940,2007,Mr. ROHRABACHER. 
941,2007,Mr. SANDERS. 
942,2007,Mr. SCHUMER. 
943,2007,Mr. SENSENBRENNER. 
944,2007,Mr. SESSIONS. 
945,2007,Mr. SHUSTER. 
946,2007,Mr. SKELTON. 
947,2007,Mr. SPECTER. 
948,2007,Mr. THOMAS. 
949,2007,Mr. THORNBERRY. 
950,2007,Mr. THUNE. 
951,2007,Mr. VITTER. 
952,2007,Mr. WARNER. 
953,2007,Mr. WAXMAN. 
954,2007,Mr. WHITEHOUSE. 
955,2007,Mr. WOLF. 
956,2007,Mr. WYDEN. 
957,2007,Mrs. BOXER. 
958,2007,Mrs. FEINSTEIN. 
959,2007,Mrs. HUTCHISON. 
960,2007,Mrs. MURRAY. 
961,2007,Ms. COLLINS. 
962,2007,Ms. FOXX. 
963,2007,Ms. KAPTUR. 
964,2007,Ms. LANDRIEU. 
965,2007,Ms. MIKULSKI. 
966,2007,Ms. MURKOWSKI. 
967,2007,Ms. NORTON. 
968,2007,Ms. SLAUGHTER. 
969,2007,Ms. SNOWE. 
970,2007,Ms. STABENOW. 
971,2007,Ms. WOOLSEY. 
972,2008,Mr. AKAKA. 
973,2008,Mr. ALEXANDER. 
974,2008,Mr. BAUCUS. 
975,2008,Mr. BIDEN. 
976,2008,Mr. BINGAMAN. 
977,2008,Mr. BLUMENAUER. 
978,2008,Mr. BOND. 
979,2008,Mr. BROWN. 
980,2008,Mr. BURGESS. 
981,2008,Mr. BYRD. 
982,2008,Mr. CARDIN. 
983,2008,Mr. CARPER. 
984,2008,Mr. CASEY. 
985,2008,Mr. COBURN. 
986,2008,Mr. COHEN. 
987,2008,Mr. CONRAD. 
988,2008,Mr. CONYERS. 
989,2008,Mr. CORNYN. 
990,2008,Mr. CRAIG. 
991,2008,Mr. DINGELL. 
992,2008,Mr. DODD. 
993,2008,Mr. DOMENICI. 
994,2008,Mr. DORGAN. 
995,2008,Mr. DREIER. 
996,2008,Mr. DURBIN. 
997,2008,Mr. ENZI. 
998,2008,Mr. FEINGOLD. 
999,2008,Mr. FRELINGHUYSEN. 
1000,2008,Mr. GOHMERT. 
1001,2008,Mr. GOODLATTE. 
1002,2008,Mr. GRAHAM. 
1003,2008,Mr. GRASSLEY. 
1004,2008,Mr. GREGG. 
1005,2008,Mr. HARKIN. 
1006,2008,Mr. HATCH. 
1007,2008,Mr. HOYER. 
1008,2008,Mr. INHOFE. 
1009,2008,Mr. INOUYE. 
1010,2008,Mr. KENNEDY. 
1011,2008,Mr. KERRY. 
1012,2008,Mr. KUCINICH. 
1013,2008,Mr. KYL. 
1014,2008,Mr. LAUTENBERG. 
1015,2008,Mr. LEAHY. 
1016,2008,Mr. LEVIN. 
1017,2008,Mr. LIEBERMAN. 
1018,2008,Mr. MCCAIN. 
1019,2008,Mr. MCCONNELL. 
1020,2008,Mr. MCDERMOTT. 
1021,2008,Mr. MCGOVERN. 
1022,2008,Mr. MCKEON. 
1023,2008,Mr. MENENDEZ. 
1024,2008,Mr. OBERSTAR. 
1025,2008,Mr. OBEY. 
1026,2008,Mr. PALLONE. 
1027,2008,Mr. PAUL. 
1028,2008,Mr. RAHALL. 
1029,2008,Mr. RANGEL. 
1030,2008,Mr. REED. 
1031,2008,Mr. REID. 
1032,2008,Mr. ROCKEFELLER. 
1033,2008,Mr. ROHRABACHER. 
1034,2008,Mr. SANDERS. 
1035,2008,Mr. SCHUMER. 
1036,2008,Mr. SENSENBRENNER. 
1037,2008,Mr. SESSIONS. 
1038,2008,Mr. SHUSTER. 
1039,2008,Mr. SKELTON. 
1040,2008,Mr. SPECTER. 
1041,2008,Mr. THORNBERRY. 
1042,2008,Mr. THUNE. 
1043,2008,Mr. VITTER. 
1044,2008,Mr. WARNER. 
1045,2008,Mr. WAXMAN. 
1046,2008,Mr. WHITEHOUSE. 
1047,2008,Mr. WOLF. 
1048,2008,Mr. WYDEN. 
1049,2008,Mrs. BOXER. 
1050,2008,Mrs. FEINSTEIN. 
1051,2008,Mrs. HUTCHISON. 
1052,2008,Mrs. MURRAY. 
1053,2008,Ms. COLLINS. 
1054,2008,Ms. FOXX. 
1055,2008,Ms. KAPTUR. 
1056,2008,Ms. LANDRIEU. 
1057,2008,Ms. MIKULSKI. 
1058,2008,Ms. MURKOWSKI. 
1059,2008,Ms. NORTON. 
1060,2008,Ms. SLAUGHTER. 
1061,2008,Ms. SNOWE. 
1062,2008,Ms. STABENOW. 
1063,2008,Ms. WOOLSEY. 
1064,2009,Mr. AKAKA. 
1065,2009,Mr. ALEXANDER. 
1066,2009,Mr. BAUCUS. 
1067,2009,Mr. BIDEN. 
1068,2009,Mr. BINGAMAN. 
1069,2009,Mr. BLUMENAUER. 
1070,2009,Mr. BOND. 
1071,2009,Mr. BROWN. 
1072,2009,Mr. BURGESS. 
1073,2009,Mr. BYRD. 
1074,2009,Mr. CARDIN. 
1075,2009,Mr. CARPER. 
1076,2009,Mr. CASEY. 
1077,2009,Mr. COBURN. 
1078,2009,Mr. COHEN. 
1079,2009,Mr. CONRAD. 
1080,2009,Mr. CONYERS. 
1081,2009,Mr. CORNYN. 
1082,2009,Mr. DINGELL. 
1083,2009,Mr. DODD. 
1084,2009,Mr. DORGAN. 
1085,2009,Mr. DREIER. 
1086,2009,Mr. DURBIN. 
1087,2009,Mr. ENZI. 
1088,2009,Mr. FEINGOLD. 
1089,2009,Mr. FRELINGHUYSEN. 
1090,2009,Mr. GARAMENDI. 
1091,2009,Mr. GOHMERT. 
1092,2009,Mr. GOODLATTE. 
1093,2009,Mr. GRAHAM. 
1094,2009,Mr. GRASSLEY. 
1095,2009,Mr. GREGG. 
1096,2009,Mr. HARKIN. 
1097,2009,Mr. HATCH. 
1098,2009,Mr. HOYER. 
1099,2009,Mr. INHOFE. 
1100,2009,Mr. INOUYE. 
1101,2009,Mr. KENNEDY. 
1102,2009,Mr. KERRY. 
1103,2009,Mr. KUCINICH. 
1104,2009,Mr. KYL. 
1105,2009,Mr. LAUTENBERG. 
1106,2009,Mr. LEAHY. 
1107,2009,Mr. LEVIN. 
1108,2009,Mr. LIEBERMAN. 
1109,2009,Mr. MCCAIN. 
1110,2009,Mr. MCCONNELL. 
1111,2009,Mr. MCDERMOTT. 
1112,2009,Mr. MCGOVERN. 
1113,2009,Mr. MCKEON. 
1114,2009,Mr. MENENDEZ. 
1115,2009,Mr. MERKLEY. 
1116,2009,Mr. OBERSTAR. 
1117,2009,Mr. OBEY. 
1118,2009,Mr. PALLONE. 
1119,2009,Mr. PAUL. 
1120,2009,Mr. POLIS. 
1121,2009,Mr. RAHALL. 
1122,2009,Mr. RANGEL. 
1123,2009,Mr. REED. 
1124,2009,Mr. REID. 
1125,2009,Mr. ROCKEFELLER. 
1126,2009,Mr. ROHRABACHER. 
1127,2009,Mr. SANDERS. 
1128,2009,Mr. SCHUMER. 
1129,2009,Mr. SENSENBRENNER. 
1130,2009,Mr. SESSIONS. 
1131,2009,Mr. SHUSTER. 
1132,2009,Mr. SKELTON. 
1133,2009,Mr. SPECTER. 
1134,2009,Mr. THORNBERRY. 
1135,2009,Mr. THUNE. 
1136,2009,Mr. VITTER. 
1137,2009,Mr. WARNER. 
1138,2009,Mr. WAXMAN. 
1139,2009,Mr. WHITEHOUSE. 
1140,2009,Mr. WOLF. 
1141,2009,Mr. WYDEN. 
1142,2009,Mrs. BOXER. 
1143,2009,Mrs. FEINSTEIN. 
1144,2009,Mrs. HUTCHISON. 
1145,2009,Mrs. MURRAY. 
1146,2009,Ms. COLLINS. 
1147,2009,Ms. FOXX. 
1148,2009,Ms. KAPTUR. 
1149,2009,Ms. LANDRIEU. 
1150,2009,Ms. MIKULSKI. 
1151,2009,Ms. MURKOWSKI. 
1152,2009,Ms. NORTON. 
1153,2009,Ms. SLAUGHTER. 
1154,2009,Ms. SNOWE. 
1155,2009,Ms. STABENOW. 
1156,2009,Ms. WOOLSEY. 
1157,2010,Mr. AKAKA. 
1158,2010,Mr. ALEXANDER. 
1159,2010,Mr. BAUCUS. 
1160,2010,Mr. BINGAMAN. 
1161,2010,Mr. BLUMENAUER. 
1162,2010,Mr. BOND. 
1163,2010,Mr. BROWN. 
1164,2010,Mr. BURGESS. 
1165,2010,Mr. BYRD. 
1166,2010,Mr. CARDIN. 
1167,2010,Mr. CARPER. 
1168,2010,Mr. CASEY. 
1169,2010,Mr. COBURN. 
1170,2010,Mr. COHEN. 
1171,2010,Mr. CONRAD. 
1172,2010,Mr. CONYERS. 
1173,2010,Mr. CORNYN. 
1174,2010,Mr. DINGELL. 
1175,2010,Mr. DODD. 
1176,2010,Mr. DORGAN. 
1177,2010,Mr. DREIER. 
1178,2010,Mr. DURBIN. 
1179,2010,Mr. ENZI. 
1180,2010,Mr. FEINGOLD. 
1181,2010,Mr. FRELINGHUYSEN. 
1182,2010,Mr. GARAMENDI. 
1183,2010,Mr. GOHMERT. 
1184,2010,Mr. GOODLATTE. 
1185,2010,Mr. GRAHAM. 
1186,2010,Mr. GRASSLEY. 
1187,2010,Mr. GREGG. 
1188,2010,Mr. HARKIN. 
1189,2010,Mr. HATCH. 
1190,2010,Mr. HOYER. 
1191,2010,Mr. INHOFE. 
1192,2010,Mr. INOUYE. 
1193,2010,Mr. KENNEDY. 
1194,2010,Mr. KERRY. 
1195,2010,Mr. KUCINICH. 
1196,2010,Mr. KYL. 
1197,2010,Mr. LAUTENBERG. 
1198,2010,Mr. LEAHY. 
1199,2010,Mr. LEVIN. 
1200,2010,Mr. LIEBERMAN. 
1201,2010,Mr. MCCAIN. 
1202,2010,Mr. MCCONNELL. 
1203,2010,Mr. MCDERMOTT. 
1204,2010,Mr. MCGOVERN. 
1205,2010,Mr. MCKEON. 
1206,2010,Mr. MENENDEZ. 
1207,2010,Mr. MERKLEY. 
1208,2010,Mr. OBERSTAR. 
1209,2010,Mr. OBEY. 
1210,2010,Mr. PALLONE. 
1211,2010,Mr. PAUL. 
1212,2010,Mr. POLIS. 
1213,2010,Mr. RAHALL. 
1214,2010,Mr. RANGEL. 
1215,2010,Mr. REED. 
1216,2010,Mr. REID. 
1217,2010,Mr. ROCKEFELLER. 
1218,2010,Mr. ROHRABACHER. 
1219,2010,Mr. SANDERS. 
1220,2010,Mr. SCHUMER. 
1221,2010,Mr. SENSENBRENNER. 
1222,2010,Mr. SESSIONS. 
1223,2010,Mr. SHUSTER. 
1224,2010,Mr. SKELTON. 
1225,2010,Mr. SPECTER. 
1226,2010,Mr. THORNBERRY. 
1227,2010,Mr. THUNE. 
1228,2010,Mr. VITTER. 
1229,2010,Mr. WARNER. 
1230,2010,Mr. WAXMAN. 
1231,2010,Mr. WHITEHOUSE. 
1232,2010,Mr. WOLF. 
1233,2010,Mr. WYDEN. 
1234,2010,Mrs. BOXER. 
1235,2010,Mrs. FEINSTEIN. 
1236,2010,Mrs. HUTCHISON. 
1237,2010,Mrs. MURRAY. 
1238,2010,Ms. COLLINS. 
1239,2010,Ms. FOXX. 
1240,2010,Ms. KAPTUR. 
1241,2010,Ms. LANDRIEU. 
1242,2010,Ms. MIKULSKI. 
1243,2010,Ms. MURKOWSKI. 
1244,2010,Ms. NORTON. 
1245,2010,Ms. SLAUGHTER. 
1246,2010,Ms. SNOWE. 
1247,2010,Ms. STABENOW. 
1248,2010,Ms. WOOLSEY. 
1249,2011,Mr. AKAKA. 
1250,2011,Mr. ALEXANDER. 
1251,2011,Mr. BAUCUS. 
1252,2011,Mr. BINGAMAN. 
1253,2011,Mr. BLUMENAUER. 
1254,2011,Mr. BROWN. 
1255,2011,Mr. BURGESS. 
1256,2011,Mr. CARDIN. 
1257,2011,Mr. CARPER. 
1258,2011,Mr. CASEY. 
1259,2011,Mr. COBURN. 
1260,2011,Mr. COHEN. 
1261,2011,Mr. CONRAD. 
1262,2011,Mr. CONYERS. 
1263,2011,Mr. CORNYN. 
1264,2011,Mr. DINGELL. 
1265,2011,Mr. DREIER. 
1266,2011,Mr. DURBIN. 
1267,2011,Mr. ENZI. 
1268,2011,Mr. FRELINGHUYSEN. 
1269,2011,Mr. GARAMENDI. 
1270,2011,Mr. GOHMERT. 
1271,2011,Mr. GOODLATTE. 
1272,2011,Mr. GRAHAM. 
1273,2011,Mr. GRASSLEY. 
1274,2011,Mr. HARKIN. 
1275,2011,Mr. HATCH. 
1276,2011,Mr. HOYER. 
1277,2011,Mr. INHOFE. 
1278,2011,Mr. INOUYE. 
1279,2011,Mr. KERRY. 
1280,2011,Mr. KUCINICH. 
1281,2011,Mr. KYL. 
1282,2011,Mr. LAUTENBERG. 
1283,2011,Mr. LEAHY. 
1284,2011,Mr. LEVIN. 
1285,2011,Mr. LIEBERMAN. 
1286,2011,Mr. MCCAIN. 
1287,2011,Mr. MCCONNELL. 
1288,2011,Mr. MCDERMOTT. 
1289,2011,Mr. MCGOVERN. 
1290,2011,Mr. MCKEON. 
1291,2011,Mr. MENENDEZ. 
1292,2011,Mr. MERKLEY. 
1293,2011,Mr. OBEY. 
1294,2011,Mr. PALLONE. 
1295,2011,Mr. PAUL. 
1296,2011,Mr. POLIS. 
1297,2011,Mr. RAHALL. 
1298,2011,Mr. RANGEL. 
1299,2011,Mr. REED. 
1300,2011,Mr. REID. 
1301,2011,Mr. ROCKEFELLER. 
1302,2011,Mr. ROHRABACHER. 
1303,2011,Mr. SANDERS. 
1304,2011,Mr. SCHUMER. 
1305,2011,Mr. SENSENBRENNER. 
1306,2011,Mr. SESSIONS. 
1307,2011,Mr. SHUSTER. 
1308,2011,Mr. THORNBERRY. 
1309,2011,Mr. THUNE. 
1310,2011,Mr. VITTER. 
1311,2011,Mr. WARNER. 
1312,2011,Mr. WAXMAN. 
1313,2011,Mr. WHITEHOUSE. 
1314,2011,Mr. WOLF. 
1315,2011,Mr. WYDEN. 
1316,2011,Mrs. BOXER. 
1317,2011,Mrs. FEINSTEIN. 
1318,2011,Mrs. HUTCHISON. 
1319,2011,Mrs. MURRAY. 
1320,2011,Ms. COLLINS. 
1321,2011,Ms. FOXX. 
1322,2011,Ms. KAPTUR. 
1323,2011,Ms. LANDRIEU. 
1324,2011,Ms. MIKULSKI. 
1325,2011,Ms. MURKOWSKI. 
1326,2011,Ms. NORTON. 
1327,2011,Ms. SLAUGHTER. 
1328,2011,Ms. SNOWE. 
1329,2011,Ms. STABENOW. 
1330,2011,Ms. WOOLSEY. 
1331,2012,Mr. AKAKA. 
1332,2012,Mr. ALEXANDER. 
1333,2012,Mr. BAUCUS. 
1334,2012,Mr. BINGAMAN. 
1335,2012,Mr. BLUMENAUER. 
1336,2012,Mr. BROWN. 
1337,2012,Mr. BURGESS. 
1338,2012,Mr. CARDIN. 
1339,2012,Mr. CARPER. 
1340,2012,Mr. CASEY. 
1341,2012,Mr. COBURN. 
1342,2012,Mr. COHEN. 
1343,2012,Mr. CONRAD. 
1344,2012,Mr. CONYERS. 
1345,2012,Mr. CORNYN. 
1346,2012,Mr. DINGELL. 
1347,2012,Mr. DREIER. 
1348,2012,Mr. DURBIN. 
1349,2012,Mr. ENZI. 
1350,2012,Mr. FRELINGHUYSEN. 
1351,2012,Mr. GARAMENDI. 
1352,2012,Mr. GOHMERT. 
1353,2012,Mr. GOODLATTE. 
1354,2012,Mr. GRAHAM. 
1355,2012,Mr. GRASSLEY. 
1356,2012,Mr. HARKIN. 
1357,2012,Mr. HATCH. 
1358,2012,Mr. HOYER. 
1359,2012,Mr. INHOFE. 
1360,2012,Mr. INOUYE. 
1361,2012,Mr. KERRY. 
1362,2012,Mr. KUCINICH. 
1363,2012,Mr. KYL. 
1364,2012,Mr. LAUTENBERG. 
1365,2012,Mr. LEAHY. 
1366,2012,Mr. LEVIN. 
1367,2012,Mr. LIEBERMAN. 
1368,2012,Mr. MCCAIN. 
1369,2012,Mr. MCCONNELL. 
1370,2012,Mr. MCDERMOTT. 
1371,2012,Mr. MCGOVERN. 
1372,2012,Mr. MCKEON. 
1373,2012,Mr. MENENDEZ. 
1374,2012,Mr. MERKLEY. 
1375,2012,Mr. PALLONE. 
1376,2012,Mr. PAUL. 
1377,2012,Mr. POLIS. 
1378,2012,Mr. RAHALL. 
1379,2012,Mr. RANGEL. 
1380,2012,Mr. REED. 
1381,2012,Mr. REID. 
1382,2012,Mr. ROCKEFELLER. 
1383,2012,Mr. ROHRABACHER. 
1384,2012,Mr. SANDERS. 
1385,2012,Mr. SCHUMER. 
1386,2012,Mr. SENSENBRENNER. 
1387,2012,Mr. SESSIONS. 
1388,2012,Mr. SHUSTER. 
1389,2012,Mr. THORNBERRY. 
1390,2012,Mr. THUNE. 
1391,2012,Mr. VITTER. 
1392,2012,Mr. WARNER. 
1393,2012,Mr. WAXMAN. 
1394,2012,Mr. WHITEHOUSE. 
1395,2012,Mr. WOLF. 
1396,2012,Mr. WYDEN. 
1397,2012,Mrs. BOXER. 
1398,2012,Mrs. FEINSTEIN. 
1399,2012,Mrs. HUTCHISON. 
1400,2012,Mrs. MURRAY. 
1401,2012,Ms. COLLINS. 
1402,2012,Ms. FOXX. 
1403,2012,Ms. KAPTUR. 
1404,2012,Ms. LANDRIEU. 
1405,2012,Ms. MIKULSKI. 
1406,2012,Ms. MURKOWSKI. 
1407,2012,Ms. NORTON. 
1408,2012,Ms. SLAUGHTER. 
1409,2012,Ms. SNOWE. 
1410,2012,Ms. STABENOW. 
1411,2012,Ms. WOOLSEY. 
1412,2013,Mr. ALEXANDER. 
1413,2013,Mr. BAUCUS. 
1414,2013,Mr. BLUMENAUER. 
1415,2013,Mr. BROWN. 
1416,2013,Mr. BURGESS. 
1417,2013,Mr. CARDIN. 
1418,2013,Mr. CARPER. 
1419,2013,Mr. CASEY. 
1420,2013,Mr. COBURN. 
1421,2013,Mr. COHEN. 
1422,2013,Mr. CONYERS. 
1423,2013,Mr. CORNYN. 
1424,2013,Mr. DAINES. 
1425,2013,Mr. DINGELL. 
1426,2013,Mr. DREIER. 
1427,2013,Mr. DURBIN. 
1428,2013,Mr. ENZI. 
1429,2013,Mr. FRELINGHUYSEN. 
1430,2013,Mr. GARAMENDI. 
1431,2013,Mr. GOHMERT. 
1432,2013,Mr. GOODLATTE. 
1433,2013,Mr. GRAHAM. 
1434,2013,Mr. GRASSLEY. 
1435,2013,Mr. HARKIN. 
1436,2013,Mr. HATCH. 
1437,2013,Mr. HOYER. 
1438,2013,Mr. INHOFE. 
1439,2013,Mr. KENNEDY. 
1440,2013,Mr. KERRY. 
1441,2013,Mr. KUCINICH. 
1442,2013,Mr. LAUTENBERG. 
1443,2013,Mr. LEAHY. 
1444,2013,Mr. LEVIN. 
1445,2013,Mr. MCCAIN. 
1446,2013,Mr. MCCONNELL. 
1447,2013,Mr. MCDERMOTT. 
1448,2013,Mr. MCGOVERN. 
1449,2013,Mr. MCKEON. 
1450,2013,Mr. MENENDEZ. 
1451,2013,Mr. MERKLEY. 
1452,2013,Mr. PALLONE. 
1453,2013,Mr. PAUL. 
1454,2013,Mr. POLIS. 
1455,2013,Mr. RAHALL. 
1456,2013,Mr. RANGEL. 
1457,2013,Mr. REED. 
1458,2013,Mr. REID. 
1459,2013,Mr. ROCKEFELLER. 
1460,2013,Mr. ROHRABACHER. 
1461,2013,Mr. SANDERS. 
1462,2013,Mr. SCHUMER. 
1463,2013,Mr. SENSENBRENNER. 
1464,2013,Mr. SESSIONS. 
1465,2013,Mr. SHUSTER. 
1466,2013,Mr. THORNBERRY. 
1467,2013,Mr. THUNE. 
1468,2013,Mr. VITTER. 
1469,2013,Mr. WARNER. 
1470,2013,Mr. WAXMAN. 
1471,2013,Mr. WHITEHOUSE. 
1472,2013,Mr. WOLF. 
1473,2013,Mr. WYDEN. 
1474,2013,Mrs. BOXER. 
1475,2013,Mrs. FEINSTEIN. 
1476,2013,Mrs. MURRAY. 
1477,2013,Ms. COLLINS. 
1478,2013,Ms. FOXX. 
1479,2013,Ms. KAPTUR. 
1480,2013,Ms. LANDRIEU. 
1481,2013,Ms. MIKULSKI. 
1482,2013,Ms. MURKOWSKI. 
1483,2013,Ms. NORTON. 
1484,2013,Ms. SLAUGHTER. 
1485,2013,Ms. STABENOW. 
1486,2014,Mr. ALEXANDER. 
1487,2014,Mr. BAUCUS. 
1488,2014,Mr. BLUMENAUER. 
1489,2014,Mr. BROWN. 
1490,2014,Mr. BURGESS. 
1491,2014,Mr. CARDIN. 
1492,2014,Mr. CARPER. 
1493,2014,Mr. CASEY. 
1494,2014,Mr. COBURN. 
1495,2014,Mr. COHEN. 
1496,2014,Mr. CONYERS. 
1497,2014,Mr. CORNYN. 
1498,2014,Mr. DAINES. 
1499,2014,Mr. DINGELL. 
1500,2014,Mr. DURBIN. 
1501,2014,Mr. ENZI. 
1502,2014,Mr. FRELINGHUYSEN. 
1503,2014,Mr. GARAMENDI. 
1504,2014,Mr. GOHMERT. 
1505,2014,Mr. GOODLATTE. 
1506,2014,Mr. GRAHAM. 
1507,2014,Mr. GRASSLEY. 
1508,2014,Mr. HARKIN. 
1509,2014,Mr. HATCH. 
1510,2014,Mr. HOYER. 
1511,2014,Mr. INHOFE. 
1512,2014,Mr. KENNEDY. 
1513,2014,Mr. LEAHY. 
1514,2014,Mr. LEVIN. 
1515,2014,Mr. MCCAIN. 
1516,2014,Mr. MCCONNELL. 
1517,2014,Mr. MCDERMOTT. 
1518,2014,Mr. MCGOVERN. 
1519,2014,Mr. MCKEON. 
1520,2014,Mr. MENENDEZ. 
1521,2014,Mr. MERKLEY. 
1522,2014,Mr. PALLONE. 
1523,2014,Mr. PAUL. 
1524,2014,Mr. POLIS. 
1525,2014,Mr. RAHALL. 
1526,2014,Mr. RANGEL. 
1527,2014,Mr. REED. 
1528,2014,Mr. REID. 
1529,2014,Mr. ROCKEFELLER. 
1530,2014,Mr. ROHRABACHER. 
1531,2014,Mr. SANDERS. 
1532,2014,Mr. SCHUMER. 
1533,2014,Mr. SENSENBRENNER. 
1534,2014,Mr. SESSIONS. 
1535,2014,Mr. SHUSTER. 
1536,2014,Mr. THORNBERRY. 
1537,2014,Mr. THUNE. 
1538,2014,Mr. VITTER. 
1539,2014,Mr. WARNER. 
1540,2014,Mr. WAXMAN. 
1541,2014,Mr. WHITEHOUSE. 
1542,2014,Mr. WOLF. 
1543,2014,Mr. WYDEN. 
1544,2014,Mrs. BOXER. 
1545,2014,Mrs. FEINSTEIN. 
1546,2014,Mrs. MURRAY. 
1547,2014,Ms. COLLINS. 
1548,2014,Ms. FOXX. 
1549,2014,Ms. KAPTUR. 
1550,2014,Ms. LANDRIEU. 
1551,2014,Ms. MIKULSKI. 
1552,2014,Ms. MURKOWSKI. 
1553,2014,Ms. NORTON. 
1554,2014,Ms. SLAUGHTER. 
1555,2014,Ms. STABENOW. 
1556,2015,Mr. ALEXANDER. 
1557,2015,Mr. BLUMENAUER. 
1558,2015,Mr. BROWN. 
1559,2015,Mr. BURGESS. 
1560,2015,Mr. CARDIN. 
1561,2015,Mr. CARPER. 
1562,2015,Mr. CASEY. 
1563,2015,Mr. COHEN. 
1564,2015,Mr. CONYERS. 
1565,2015,Mr. CORNYN. 
1566,2015,Mr. DAINES. 
1567,2015,Mr. DURBIN. 
1568,2015,Mr. ENZI. 
1569,2015,Mr. FRELINGHUYSEN. 
1570,2015,Mr. GARAMENDI. 
1571,2015,Mr. GOHMERT. 
1572,2015,Mr. GOODLATTE. 
1573,2015,Mr. GRAHAM. 
1574,2015,Mr. GRASSLEY. 
1575,2015,Mr. HATCH. 
1576,2015,Mr. HOYER. 
1577,2015,Mr. INHOFE. 
1578,2015,Mr. KENNEDY. 
1579,2015,Mr. LEAHY. 
1580,2015,Mr. LEVIN. 
1581,2015,Mr. MCCAIN. 
1582,2015,Mr. MCCONNELL. 
1583,2015,Mr. MCDERMOTT. 
1584,2015,Mr. MCGOVERN. 
1585,2015,Mr. MENENDEZ. 
1586,2015,Mr. MERKLEY. 
1587,2015,Mr. PALLONE. 
1588,2015,Mr. PAUL. 
1589,2015,Mr. POLIS. 
1590,2015,Mr. RANGEL. 
1591,2015,Mr. REED. 
1592,2015,Mr. REID. 
1593,2015,Mr. ROHRABACHER. 
1594,2015,Mr. SANDERS. 
1595,2015,Mr. SCHUMER. 
1596,2015,Mr. SENSENBRENNER. 
1597,2015,Mr. SESSIONS. 
1598,2015,Mr. SHUSTER. 
1599,2015,Mr. THORNBERRY. 
1600,2015,Mr. THUNE. 
1601,2015,Mr. VITTER. 
1602,2015,Mr. WARNER. 
1603,2015,Mr. WAXMAN. 
1604,2015,Mr. WHITEHOUSE. 
1605,2015,Mr. WYDEN. 
1606,2015,Mrs. BOXER. 
1607,2015,Mrs. FEINSTEIN. 
1608,2015,Mrs. MURRAY. 
1609,2015,Ms. COLLINS. 
1610,2015,Ms. FOXX. 
1611,2015,Ms. KAPTUR. 
1612,2015,Ms. MIKULSKI. 
1613,2015,Ms. MURKOWSKI. 
1614,2015,Ms. NORTON. 
1615,2015,Ms. SLAUGHTER. 
1616,2015,Ms. STABENOW. 
1617,2016,Mr. ALEXANDER. 
1618,2016,Mr. BIDEN. 
1619,2016,Mr. BLUMENAUER. 
1620,2016,Mr. BROWN. 
1621,2016,Mr. BURGESS. 
1622,2016,Mr. CARDIN. 
1623,2016,Mr. CARPER. 
1624,2016,Mr. CASEY. 
1625,2016,Mr. COHEN. 
1626,2016,Mr. CONYERS. 
1627,2016,Mr. CORNYN. 
1628,2016,Mr. DAINES. 
1629,2016,Mr. DURBIN. 
1630,2016,Mr. ENZI. 
1631,2016,Mr. FRELINGHUYSEN. 
1632,2016,Mr. GARAMENDI. 
1633,2016,Mr. GOHMERT. 
1634,2016,Mr. GOODLATTE. 
1635,2016,Mr. GRAHAM. 
1636,2016,Mr. GRASSLEY. 
1637,2016,Mr. HATCH. 
1638,2016,Mr. HOYER. 
1639,2016,Mr. INHOFE. 
1640,2016,Mr. KENNEDY. 
1641,2016,Mr. LEAHY. 
1642,2016,Mr. LEVIN. 
1643,2016,Mr. MCCAIN. 
1644,2016,Mr. MCCONNELL. 
1645,2016,Mr. MCDERMOTT. 
1646,2016,Mr. MCGOVERN. 
1647,2016,Mr. MENENDEZ. 
1648,2016,Mr. MERKLEY. 
1649,2016,Mr. PALLONE. 
1650,2016,Mr. PAUL. 
1651,2016,Mr. POLIS. 
1652,2016,Mr. RANGEL. 
1653,2016,Mr. REED. 
1654,2016,Mr. REID. 
1655,2016,Mr. ROHRABACHER. 
1656,2016,Mr. SANDERS. 
1657,2016,Mr. SCHUMER. 
1658,2016,Mr. SENSENBRENNER. 
1659,2016,Mr. SESSIONS. 
1660,2016,Mr. SHUSTER. 
1661,2016,Mr. THORNBERRY. 
1662,2016,Mr. THUNE. 
1663,2016,Mr. VITTER. 
1664,2016,Mr. WARNER. 
1665,2016,Mr. WHITEHOUSE. 
1666,2016,Mr. WYDEN. 
1667,2016,Mrs. BOXER. 
1668,2016,Mrs. FEINSTEIN. 
1669,2016,Mrs. MURRAY. 
1670,2016,Ms. COLLINS. 
1671,2016,Ms. FOXX. 
1672,2016,Ms. KAPTUR. 
1673,2016,Ms. MIKULSKI. 
1674,2016,Ms. MURKOWSKI. 
1675,2016,Ms. NORTON. 
1676,2016,Ms. SLAUGHTER. 
1677,2016,Ms. STABENOW. 
1678,2017,Mr. ALEXANDER. 
1679,2017,Mr. BLUMENAUER. 
1680,2017,Mr. BROWN. 
1681,2017,Mr. BURGESS. 
1682,2017,Mr. CARDIN. 
1683,2017,Mr. CARPER. 
1684,2017,Mr. CASEY. 
1685,2017,Mr. COHEN. 
1686,2017,Mr. CONYERS. 
1687,2017,Mr. CORNYN. 
1688,2017,Mr. DAINES. 
1689,2017,Mr. DURBIN. 
1690,2017,Mr. ENZI. 
1691,2017,Mr. FRELINGHUYSEN. 
1692,2017,Mr. GARAMENDI. 
1693,2017,Mr. GOHMERT. 
1694,2017,Mr. GOODLATTE. 
1695,2017,Mr. GRAHAM. 
1696,2017,Mr. GRASSLEY. 
1697,2017,Mr. HATCH. 
1698,2017,Mr. HOYER. 
1699,2017,Mr. INHOFE. 
1700,2017,Mr. KENNEDY. 
1701,2017,Mr. LEAHY. 
1702,2017,Mr. LEVIN. 
1703,2017,Mr. MCCAIN. 
1704,2017,Mr. MCCONNELL. 
1705,2017,Mr. MCGOVERN. 
1706,2017,Mr. MENENDEZ. 
1707,2017,Mr. MERKLEY. 
1708,2017,Mr. PALLONE. 
1709,2017,Mr. PAUL. 
1710,2017,Mr. POLIS. 
1711,2017,Mr. RAHALL. 
1712,2017,Mr. REED. 
1713,2017,Mr. ROHRABACHER. 
1714,2017,Mr. SANDERS. 
1715,2017,Mr. SCHUMER. 
1716,2017,Mr. SENSENBRENNER. 
1717,2017,Mr. SESSIONS. 
1718,2017,Mr. SHUSTER. 
1719,2017,Mr. THORNBERRY. 
1720,2017,Mr. THUNE. 
1721,2017,Mr. WARNER. 
1722,2017,Mr. WHITEHOUSE. 
1723,2017,Mr. WYDEN. 
1724,2017,Mrs. FEINSTEIN. 
1725,2017,Mrs. MURRAY. 
1726,2017,Ms. COLLINS. 
1727,2017,Ms. FOXX. 
1728,2017,Ms. KAPTUR. 
1729,2017,Ms. MURKOWSKI. 
1730,2017,Ms. NORTON. 
1731,2017,Ms. SLAUGHTER. 
1732,2017,Ms. STABENOW. 
1733,2018,Mr. ALEXANDER. 
1734,2018,Mr. BLUMENAUER. 
1735,2018,Mr. BROWN. 
1736,2018,Mr. BURGESS. 
1737,2018,Mr. CARDIN. 
1738,2018,Mr. CARPER. 
1739,2018,Mr. CASEY. 
1740,2018,Mr. COHEN. 
1741,2018,Mr. CORNYN. 
1742,2018,Mr. DAINES. 
1743,2018,Mr. DURBIN. 
1744,2018,Mr. ENZI. 
1745,2018,Mr. FRELINGHUYSEN. 
1746,2018,Mr. GARAMENDI. 
1747,2018,Mr. GOHMERT. 
1748,2018,Mr. GOODLATTE. 
1749,2018,Mr. GRAHAM. 
1750,2018,Mr. GRASSLEY. 
1751,2018,Mr. HATCH. 
1752,2018,Mr. HOYER. 
1753,2018,Mr. INHOFE. 
1754,2018,Mr. KENNEDY. 
1755,2018,Mr. KYL. 
1756,2018,Mr. LEAHY. 
1757,2018,Mr. LEVIN. 
1758,2018,Mr. MCCAIN. 
1759,2018,Mr. MCCONNELL. 
1760,2018,Mr. MCGOVERN. 
1761,2018,Mr. MENENDEZ. 
1762,2018,Mr. MERKLEY. 
1763,2018,Mr. PALLONE. 
1764,2018,Mr. PAUL. 
1765,2018,Mr. POLIS. 
1766,2018,Mr. REED. 
1767,2018,Mr. ROHRABACHER. 
1768,2018,Mr. SANDERS. 
1769,2018,Mr. SCHUMER. 
1770,2018,Mr. SENSENBRENNER. 
1771,2018,Mr. SESSIONS. 
1772,2018,Mr. SHUSTER. 
1773,2018,Mr. THORNBERRY. 
1774,2018,Mr. THUNE. 
1775,2018,Mr. WARNER. 
1776,2018,Mr. WHITEHOUSE. 
1777,2018,Mr. WYDEN. 
1778,2018,Mrs. FEINSTEIN. 
1779,2018,Mrs. MURRAY. 
1780,2018,Ms. COLLINS. 
1781,2018,Ms. FOXX. 
1782,2018,Ms. KAPTUR. 
1783,2018,Ms. MURKOWSKI. 
1784,2018,Ms. NORTON. 
1785,2018,Ms. SLAUGHTER. 
1786,2018,Ms. STABENOW. 
1787,2019,Mr. ALEXANDER. 
1788,2019,Mr. BLUMENAUER. 
1789,2019,Mr. BROWN. 
1790,2019,Mr. BURGESS. 
1791,2019,Mr. CARDIN. 
1792,2019,Mr. CARPER. 
1793,2019,Mr. CASEY. 
1794,2019,Mr. COHEN. 
1795,2019,Mr. CORNYN. 
1796,2019,Mr. DAINES. 
1797,2019,Mr. DURBIN. 
1798,2019,Mr. ENZI. 
1799,2019,Mr. GARAMENDI. 
1800,2019,Mr. GOHMERT. 
1801,2019,Mr. GRAHAM. 
1802,2019,Mr. GRASSLEY. 
1803,2019,Mr. HOYER. 
1804,2019,Mr. INHOFE. 
1805,2019,Mr. KENNEDY. 
1806,2019,Mr. LEAHY. 
1807,2019,Mr. MCCONNELL. 
1808,2019,Mr. MCGOVERN. 
1809,2019,Mr. MENENDEZ. 
1810,2019,Mr. MERKLEY. 
1811,2019,Mr. PALLONE. 
1812,2019,Mr. PAUL. 
1813,2019,Mr. REED. 
1814,2019,Mr. SANDERS. 
1815,2019,Mr. SCHUMER. 
1816,2019,Mr. SENSENBRENNER. 
1817,2019,Mr. THORNBERRY. 
1818,2019,Mr. THUNE. 
1819,2019,Mr. WARNER. 
1820,2019,Mr. WHITEHOUSE. 
1821,2019,Mr. WYDEN. 
1822,2019,Mrs. FEINSTEIN. 
1823,2019,Mrs. MURRAY. 
1824,2019,Ms. COLLINS. 
1825,2019,Ms. KAPTUR. 
1826,2019,Ms. MURKOWSKI. 
1827,2019,Ms. NORTON. 
1828,2019,Ms. STABENOW. 
